{
    "accuracy": 0.9691189827429609,
    "precision": 0.9841269841269841,
    "recall": 0.7948717948717948,
    "auc": 0.9812237145570478
}